Workbook

Sheet Start Here
B1: A/B Test Planner
B2: Plan an experiment, then check how it went. No statistics knowledge needed.
B4: What this workbook does
B5: Before the test: it tells you how many customers you need, how many days to run the test, and whether your plan is big enough.
B6: After the test: it checks that customers were split the way you intended, then tells you whether the new version won.
B8: How to use it
B9: 1. Open the Plan Test tab. Fill in the yellow cells. Read the green results and the verdict.
B10: 2. Run your test.
B11: 3. Open the Check Results tab. Fill in the yellow cells with what happened. Read the two verdicts.
B13: Words used in this workbook
B14: Control: the customers who keep the current version.
B15: Treatment: the customers who get the new version.
... B36: For average values (revenue per customer and similar) you need the standard deviation. Ask an analyst or pull it from past data.

Sheet Plan Test
B1: Plan Test (before the test starts)
B2: Fill in the yellow cells. The answers appear in the green cells.
B4: A. What are you measuring?
B5: Metric type | C5: Conversion rate (%) | D5: Pick one. Conversion rate: share of customers who buy, click, sign up. Average value: revenue per customer and similar.
B6: Current conversion rate (only if you picked Conversion rate) | C6: 0.05 | D6: Today's rate before any change. 5% means 5 in every 100 customers.
B7: Current average value (only if you picked Average value) | C7: 50 | D7: Today's average per customer before any change.
B8: Spread of that average value (only if you picked Average value) | C8: 20 | D8: This is the standard deviation across customers. Ask an analyst or pull it from past data. Without it the answer is a guess.
B9: Smallest improvement worth detecting | C9: 0.1 | D9: 10% means a 5.0% conversion rate rising to 5.5%, or an average of 50 rising to 55. Smaller improvements need longer tests.
B11: B. About your test
B12: Share of customers sent to Control | C12: 50 | D12: Use any two numbers that show the split. 50 and 50 is an even split. 90 and 10 sends 90% to Control.
B13: Share of customers sent to Treatment | C13: 50 | D13: An even split gives the shortest test.
B14: Customers entering the test per day (both groups together) | C14: 5000 | D14: Count only customers who would be eligible for the test.
B15: Days you plan to run the test | C15: 14 | D15: Use whole weeks (7, 14, 21 and so on).
B17: C. Settings (leave these alone if unsure)
B18: Confidence level | C18: 0.95 | D18: How sure you want to be that a win is not luck. 95% is standard.
B19: Power | C19: 0.8 | D19: The chance of spotting a real improvement. 80% is standard. Use 90% if a missed win would be costly.
B20: Split-check alert level | C20: 0.01 | D20: Used on the Check Results tab. 0.01 is standard.
B22: RESULT 1: How big does the test need to be?
B23: Customers needed in Control | C23: =IFERROR(ROUNDUP((C41+C42)^2*C45/C40^2,0),"Check inputs") -> 31231
B24: Customers needed in Treatment | C24: =IFERROR(ROUNDUP(C23*C37,0),"Check inputs") -> 31231
B25: Total customers needed | C25: =IFERROR(C23+C24,"Check inputs") -> 62462
B26: Days needed at your daily traffic | C26: =IFERROR(ROUNDUP(MAX(C23/C43,C24/C44),0),"Check inputs") -> 13
B27: Recommended run time (days, whole weeks) | C27: =IFERROR(MAX(7,ROUNDUP(C26/7,0)*7),"Check inputs") -> 14 | D27: Days needed, rounded up to whole weeks, with a minimum of 7 days.
B29: RESULT 2: Is your planned test big enough?
B30: Control customers you will get in your planned days | C30: =C43*C15 -> 35000
B31: Treatment customers you will get in your planned days | C31: =C44*C15 -> 35000
B32: Chance of spotting the improvement (power) | C32: =IFERROR(NORMSDIST(C40/IF($C$5="Conversion rate (%)",SQRT(C38*(1-C38)/C30+C39*(1-C39)/C31),C8*SQRT(1/C30+1/C31))-C41),"Check inputs") -> 0.8427613 | D32: Aim for the power level in the settings above (80% by default).
B33: Smallest improvement you can reliably spot with your planned days | C33: =IFERROR((C41+C42)*IF($C$5="Conversion rate (%)",SQRT(C38*(1-C38)*(1/C30+1/C31)),C8*SQRT(1/C30+1/C31))/C38,"Check inputs") -> 0.092312734
B34: Verdict | C34: =IF(ISNUMBER(C32),IF(C32>=C19,"Your plan is big enough. You have about a "&TEXT(C32,"0%")&" chance of spotting a real improvement of "&TEXT(C9,"0%")&" or more.","Your plan is too short. Run the test for at least "&C27&" days, or accept that only improvements of "&TEXT(C33,"0.0%")&" or more can be spotted reliably."),"Check the yellow cells above.") -> Your plan is big enough. You have about a 84% chance of spotting a real improvement of 10% or more.
B36: Workings (no need to touch)
B37: Treatment-to-control size ratio | C37: =IF(AND(C12>0,C13>0),C13/C12,1) -> 1
B38: Value before the test | C38: =IF($C$5="Conversion rate (%)",C6,C7) -> 0.05
B39: Value after the improvement | C39: =C38*(1+C9) -> 0.055
B40: Difference to detect | C40: =C39-C38 -> 0.005
B41: z for confidence (two-sided) | C41: =NORMSINV(1-(1-C18)/2) -> 1.959964
B42: z for power | C42: =NORMSINV(C19) -> 0.84162123
B43: Control customers per day | C43: =C14*C12/(C12+C13) -> 2500
B44: Treatment customers per day | C44: =C14*C13/(C12+C13) -> 2500
B45: Variance factor | C45: =IF($C$5="Conversion rate (%)",C38*(1-C38)+C39*(1-C39)/C37,C8^2*(1+1/C37)) -> 0.099475 | D45: Sample size = (z confidence + z power)^2 x variance factor / difference^2

Sheet Check Results
B1: Check Results (after the test ends)
B2: Fill in the yellow cells with what happened. The metric type and planned split come from the Plan Test tab.
B4: A. What happened in the test
B5: Customers in Control group | C5: 10000 | D5: Actual number of customers who ended up in Control.
B6: Customers in Treatment group | C6: 9900
B7: Control conversion rate after the test (only for Conversion rate) | C7: 0.05
B8: Treatment conversion rate after the test (only for Conversion rate) | C8: 0.057
B9: Control average value after the test (only for Average value) | C9: 50
B10: Treatment average value after the test (only for Average value) | C10: 53
B11: Metric type (from Plan Test) | C11: ='Plan Test'!C5 -> Conversion rate (%)
B12: Planned split, Control : Treatment (from Plan Test) | C12: ='Plan Test'!C12&" : "&'Plan Test'!C13 -> 50 : 50
B13: Value before the test (from Plan Test) | C13: =IF('Plan Test'!C5="Conversion rate (%)",TEXT('Plan Test'!C6,"0.00%"),TEXT('Plan Test'!C7,"#,##0.00")) -> 5.00%
B15: STEP 1: Was the traffic split correct? (split check)
B16: Planned share in Control | C16: ='Plan Test'!C12/('Plan Test'!C12+'Plan Test'!C13) -> 0.5
B17: Actual share in Control | C17: =C5/(C5+C6) -> 0.50251256
B18: Customers you should have seen in Control | C18: =(C5+C6)*C16 -> 9950
B19: Customers you should have seen in Treatment | C19: =(C5+C6)*(1-C16) -> 9950
B20: Chi-square statistic | C20: =(C5-C18)^2/C18+(C6-C19)^2/C19 -> 0.50251256
B21: Chance the gap is just luck (p-value) | C21: =CHIDIST(C20,1) -> 0.4783982 | D21: A very small number means the split was not random.
B22: Split check result | C22: =IF(C21<'Plan Test'!C20,"PROBLEM: the split is off by more than luck can explain. Do not trust the result below. Ask your data or engineering team how customers were assigned to groups.","OK: the split matches your plan. You can read the result below.") -> OK: the split matches your plan. You can read the result below.
B24: STEP 2: Did the Treatment beat the Control?
B25: Control result | C25: =IF($C$11="Conversion rate (%)",TEXT(C35,"0.00%"),TEXT(C35,"#,##0.00")) -> 5.00%
B26: Treatment result | C26: =IF($C$11="Conversion rate (%)",TEXT(C36,"0.00%"),TEXT(C36,"#,##0.00")) -> 5.70%
B27: Change vs Control | C27: =IFERROR(C37/C35,"n/a") -> 0.14 | D27: Relative change. +10% means Treatment is 10% higher than Control.
B28: Likely range of the real change | C28: =IFERROR(TEXT(C42/C35,"+0.0%;-0.0%;0.0%")&" to "&TEXT(C43/C35,"+0.0%;-0.0%;0.0%"),"n/a") -> +1.5% to +26.5% | D28: The true change is very likely inside this range. If it crosses zero, the result is not clear.
B29: Chance the difference is just luck (p-value) | C29: =C40 -> 0.028235244 | D29: Below 5% (at 95% confidence) means the difference is unlikely to be luck.
B30: Smallest change this test could reliably spot | C30: =IFERROR((C41+'Plan Test'!C42)*IF($C$11="Conversion rate (%)",SQRT(C35*(1-C35)*(1/C5+1/C6)),'Plan Test'!C8*SQRT(1/C5+1/C6))/C35,"n/a") -> 0.17313688
B31: Verdict | C31: =IFERROR(IF(LEFT(C22,7)="PROBLEM","Fix the split problem first. This result cannot be trusted.",IF(C40<1-'Plan Test'!C18,IF(C37>0,"Treatment is better. The improvement is unlikely to be luck.","Treatment is worse than Control. The drop is unlikely to be luck."),"No clear winner. The difference is small enough to be luck. A test this size can only reliably spot changes of "&TEXT(C30,"0.0%")&" or more.")),"Check the yellow cells above.") -> Treatment is better. The improvement is unlikely to be luck.
B33: Workings (no need to touch)
B35: Control value | C35: =IF($C$11="Conversion rate (%)",C7,C9) -> 0.05
B36: Treatment value | C36: =IF($C$11="Conversion rate (%)",C8,C10) -> 0.057
B37: Difference | C37: =C36-C35 -> 0.007
B38: Standard error | C38: =IF($C$11="Conversion rate (%)",SQRT(C35*(1-C35)/C5+C36*(1-C36)/C6),'Plan Test'!C8*SQRT(1/C5+1/C6)) -> 0.0031905162
B39: z statistic | C39: =IFERROR(C37/C38,0) -> 2.1940023
B40: p-value (two-sided) | C40: =2*(1-NORMSDIST(ABS(C39))) -> 0.028235244
B41: z for confidence | C41: ='Plan Test'!C41 -> 1.959964
B42: Low end of the difference | C42: =C37-C41*C38 -> 0.00074670306
B43: High end of the difference | C43: =C37+C41*C38 -> 0.013253297
